{
  "prepare_queue": {
    "installed": [],
    "uninstalled": []
  },
  "config_munge": {
    "files": {
      "res/xml/config.xml": {
        "parents": {
          "/*": [
            {
              "xml": "<feature name=\"Whitelist\"><param name=\"android-package\" value=\"org.apache.cordova.whitelist.WhitelistPlugin\" /><param name=\"onload\" value=\"true\" /></feature>",
              "count": 1
            },
            {
              "xml": "<feature name=\"StatusBar\"><param name=\"android-package\" value=\"org.apache.cordova.statusbar.StatusBar\" /><param name=\"onload\" value=\"true\" /></feature>",
              "count": 1
            },
            {
              "xml": "<feature name=\"CDVOrientation\"><param name=\"android-package\" value=\"cordova.plugins.screenorientation.CDVOrientation\" /></feature>",
              "count": 1
            },
            {
              "xml": "<feature name=\"SplashScreen\"><param name=\"android-package\" value=\"org.apache.cordova.splashscreen.SplashScreen\" /><param name=\"onload\" value=\"true\" /></feature>",
              "count": 1
            },
            {
              "xml": "<feature name=\"InAppBrowser\"><param name=\"android-package\" value=\"org.apache.cordova.inappbrowser.InAppBrowser\" /></feature>",
              "count": 1
            }
          ]
        }
      }
    }
  },
  "installed_plugins": {
    "cordova-plugin-whitelist": {
      "PACKAGE_NAME": "com.rockstartraders.covidtrackv2"
    },
    "cordova-plugin-statusbar": {
      "PACKAGE_NAME": "com.rockstartraders.covidtrackv2"
    },
    "es6-promise-plugin": {
      "PACKAGE_NAME": "com.rockstartraders.covidtrackv2"
    },
    "cordova-plugin-screen-orientation": {
      "PACKAGE_NAME": "com.rockstartraders.covidtrackv2"
    },
    "cordova-plugin-splashscreen": {
      "PACKAGE_NAME": "com.rockstartraders.covidtrackv2"
    },
    "cordova-plugin-inappbrowser": {
      "PACKAGE_NAME": "com.rockstartraders.covidtrackv2"
    }
  },
  "dependent_plugins": {},
  "modules": [
    {
      "id": "cordova-plugin-statusbar.statusbar",
      "file": "plugins/cordova-plugin-statusbar/www/statusbar.js",
      "pluginId": "cordova-plugin-statusbar",
      "clobbers": [
        "window.StatusBar"
      ]
    },
    {
      "id": "es6-promise-plugin.Promise",
      "file": "plugins/es6-promise-plugin/www/promise.js",
      "pluginId": "es6-promise-plugin",
      "runs": true
    },
    {
      "id": "cordova-plugin-screen-orientation.screenorientation",
      "file": "plugins/cordova-plugin-screen-orientation/www/screenorientation.js",
      "pluginId": "cordova-plugin-screen-orientation",
      "clobbers": [
        "cordova.plugins.screenorientation"
      ]
    },
    {
      "id": "cordova-plugin-splashscreen.SplashScreen",
      "file": "plugins/cordova-plugin-splashscreen/www/splashscreen.js",
      "pluginId": "cordova-plugin-splashscreen",
      "clobbers": [
        "navigator.splashscreen"
      ]
    },
    {
      "id": "cordova-plugin-inappbrowser.inappbrowser",
      "file": "plugins/cordova-plugin-inappbrowser/www/inappbrowser.js",
      "pluginId": "cordova-plugin-inappbrowser",
      "clobbers": [
        "cordova.InAppBrowser.open"
      ]
    }
  ],
  "plugin_metadata": {
    "cordova-plugin-whitelist": "1.3.4",
    "cordova-plugin-statusbar": "2.4.3",
    "es6-promise-plugin": "4.2.2",
    "cordova-plugin-screen-orientation": "3.0.2",
    "cordova-plugin-splashscreen": "6.0.0",
    "cordova-plugin-inappbrowser": "4.0.0"
  }
}
