{
  "prepare_queue": {
    "installed": [],
    "uninstalled": []
  },
  "config_munge": {
    "files": {}
  },
  "installed_plugins": {
    "cordova-plugin-whitelist": {
      "PACKAGE_NAME": "com.rockstartraders.covidtrackv2"
    },
    "cordova-plugin-statusbar": {
      "PACKAGE_NAME": "com.rockstartraders.covidtrackv2"
    }
  },
  "dependent_plugins": {},
  "modules": [
    {
      "file": "plugins/cordova-plugin-statusbar/www/statusbar.js",
      "id": "cordova-plugin-statusbar.statusbar",
      "pluginId": "cordova-plugin-statusbar",
      "clobbers": [
        "window.StatusBar"
      ]
    },
    {
      "file": "plugins/cordova-plugin-statusbar/src/browser/StatusBarProxy.js",
      "id": "cordova-plugin-statusbar.StatusBarProxy",
      "pluginId": "cordova-plugin-statusbar",
      "runs": true
    }
  ],
  "plugin_metadata": {
    "cordova-plugin-whitelist": "1.3.4",
    "cordova-plugin-statusbar": "2.4.3"
  }
}
